title,body,labels
"[ÉPICA] Business Core","Núcleo de Negocio Tradicional (ERP Base) con módulos financieros y recursos humanos","epic"
"[FEATURE] Financial Management","Módulos de gestión financiera tradicional","feature"
"[TASK] General Ledger","Implementar contabilidad general robusta","task"
"[TASK] Accounts Payable Receivable","Desarrollar cuentas por pagar y cobrar","task"
"[TASK] Budgeting Planning","Crear presupuestación y planificación financiera","task"
"[TASK] Tax Management","Implementar gestión de impuestos multi-jurisdicción","task"
"[FEATURE] Human Resources","Módulos de gestión de recursos humanos","feature"
"[TASK] Employee Lifecycle","Desarrollar ciclo de vida completo de empleados","task"
"[TASK] Payroll Management","Implementar nómina y beneficios","task"
"[TASK] Performance Management","Crear gestión de desempeño tradicional","task"
"[TASK] Compliance HR","Desarrollar cumplimiento de RRHH","task"
"[FEATURE] Master Data","Gestión de datos maestros","feature"
"[TASK] Data Governance","Implementar gobernanza de datos maestros","task"
"[TASK] Entity Management","Desarrollar gestión de entidades empresariales","task"
"[TASK] Hierarchy Management","Crear gestión de jerarquías organizacionales","task"
"[ÉPICA] AI Engine","Motor Central de IA con modelos predictivos y machine learning","epic"
"[FEATURE] Core Prediction Models","Modelos de predicción principales","feature"
"[TASK] Demand Forecasting","Implementar predicción de demanda multi-modal","task"
"[TASK] Supply Risk Assessment","Desarrollar evaluación de riesgos de suministro","task"
"[TASK] Maintenance Predictor","Crear mantenimiento predictivo de activos","task"
"[TASK] Customer Behavior Analysis","Implementar análisis de comportamiento de clientes","task"
"[FEATURE] ML Ops","Operaciones de machine learning","feature"
"[TASK] Model Training","Desarrollar pipeline de entrenamiento automatizado","task"
"[TASK] Model Deployment","Implementar despliegue y versionado de modelos","task"
"[TASK] Model Monitoring","Crear monitoreo de drift y performance","task"
"[TASK] Feature Engineering","Desarrollar ingeniería de características automatizada","task"
"[FEATURE] Knowledge Graph","Grafo de conocimiento empresarial","feature"
"[TASK] Entity Management","Implementar gestión de entidades empresariales","task"
"[TASK] Relationship Mapping","Desarrollar mapeo de relaciones complejas","task"
"[TASK] Semantic Search","Crear búsqueda semántica avanzada","task"
"[ÉPICA] Logistics Core","Núcleo de Logística Inteligente con optimización y automatización","epic"
"[FEATURE] Intelligent Routing","Optimización inteligente de rutas","feature"
"[TASK] Dynamic Route Optimizer","Implementar algoritmos genéticos para optimización multi-objetivo","task"
"[TASK] Fleet Management","Desarrollar gestión de flota completa","task"
"[TASK] Vehicle Tracking","Crear rastreo y telemetría de vehículos","task"
"[TASK] Driver Performance","Implementar análisis de desempeño de conductores","task"
"[TASK] Fuel Optimization","Desarrollar optimización de consumo de combustible","task"
"[FEATURE] Smart Inventory","Gestión inteligente de inventario","feature"
"[TASK] Predictive Inventory Management","Implementar gestión predictiva de inventario","task"
"[TASK] Demand Sensing","Desarrollar sensado de demanda en tiempo real","task"
"[TASK] Stock Optimization","Crear optimización de niveles de stock","task"
"[TASK] Supplier Intelligence","Implementar inteligencia de proveedores","task"
"[TASK] Warehouse Optimization","Desarrollar optimización de almacenes","task"
"[TASK] Space Allocation","Crear asignación inteligente de espacios","task"
"[TASK] Picking Path Optimization","Implementar optimización de rutas de picking","task"
"[TASK] Cross Docking Manager","Desarrollar gestión inteligente de cross-docking","task"
"[FEATURE] Supply Chain Visibility","Visibilidad completa de la cadena de suministro","feature"
"[TASK] End to End Tracking","Implementar trazabilidad completa de la cadena","task"
"[TASK] Disruption Management","Desarrollar gestión proactiva de disrupciones","task"
"[TASK] Collaborative Planning","Crear planificación colaborativa con socios","task"
"[ÉPICA] Automation Hub","Centro de Automatización con robótica e IoT","epic"
"[FEATURE] Robotics Integration","Integración de sistemas robóticos","feature"
"[TASK] Warehouse Robotics","Implementar robótica de almacén","task"
"[TASK] Robot Coordination","Desarrollar coordinación de múltiples robots","task"
"[TASK] Task Scheduling","Crear programación inteligente de tareas","task"
"[TASK] Collision Avoidance","Implementar prevención de colisiones y congestión","task"
"[FEATURE] IoT Ecosystem","Ecosistema de Internet de las Cosas","feature"
"[TASK] Sensor Networks","Desarrollar redes de sensores","task"
"[TASK] Environmental Monitoring","Implementar monitoreo de condiciones ambientales","task"
"[TASK] Asset Condition Tracking","Crear seguimiento de condición de activos","task"
"[TASK] Energy Management","Desarrollar gestión inteligente de energía","task"
"[FEATURE] Process Automation","Automatización de procesos empresariales","feature"
"[TASK] Workflow Engine","Implementar motor de flujos de trabajo","task"
"[TASK] Business Process Automation","Desarrollar RPA empresarial","task"
"[TASK] Approval Workflows","Crear flujos de aprobación inteligentes","task"
"[TASK] Exception Handling","Implementar manejo automatizado de excepciones","task"
"[ÉPICA] Customer Engagement","Gestión de Clientes y CRM inteligente","epic"
"[FEATURE] Intelligent CRM","CRM con inteligencia artificial","feature"
"[TASK] Customer 360","Implementar perfiles de clientes 360°","task"
"[TASK] Customer Profiling","Desarrollar perfiles de clientes 360°","task"
"[TASK] Interaction History","Crear historial completo de interacciones","task"
"[TASK] Predictive Customer Analytics","Implementar análisis predictivo de clientes","task"
"[TASK] Sales Automation","Desarrollar automatización de ventas","task"
"[TASK] Lead Management","Crear gestión inteligente de leads","task"
"[TASK] Opportunity Tracking","Implementar seguimiento de oportunidades","task"
"[TASK] Quote Configuration","Desarrollar configuración y cotización inteligente","task"
"[FEATURE] Service Excellence","Excelencia en servicio al cliente","feature"
"[TASK] Customer Service","Implementar servicio al cliente","task"
"[TASK] Case Management","Desarrollar gestión de casos de servicio","task"
"[TASK] SLA Management","Crear gestión de niveles de servicio","task"
"[TASK] Customer Feedback Analysis","Implementar análisis de feedback de clientes","task"
"[ÉPICA] Supplier Network","Red de Proveedores y Procurement inteligente","epic"
"[FEATURE] Procurement Intelligence","Inteligencia en adquisiciones","feature"
"[TASK] Supplier Management","Implementar gestión de proveedores","task"
"[TASK] Supplier Qualification","Desarrollar calificación y evaluación de proveedores","task"
"[TASK] Performance Monitoring","Crear monitoreo de desempeño de proveedores","task"
"[TASK] Risk Assessment","Implementar evaluación de riesgos de proveedores","task"
"[TASK] Contract Management","Desarrollar gestión inteligente de contratos","task"
"[FEATURE] Sourcing Optimization","Optimización de sourcing","feature"
"[TASK] Strategic Sourcing","Implementar sourcing estratégico","task"
"[TASK] Spend Analysis","Desarrollar análisis inteligente de gastos","task"
"[TASK] Supplier Selection","Crear selección optimizada de proveedores","task"
"[TASK] Negotiation Support","Implementar soporte a negociaciones","task"
"[ÉPICA] Financial Operations","Operaciones Financieras Especializadas en logística","epic"
"[FEATURE] Logistics Costing","Costeo logístico especializado","feature"
"[TASK] Transportation Costing","Implementar costeo de transporte","task"
"[TASK] Freight Cost Management","Desarrollar gestión de costos de flete","task"
"[TASK] Fuel Cost Optimization","Crear optimización de costos de combustible","task"
"[TASK] Carrier Billing","Implementar facturación inteligente de transportistas","task"
"[FEATURE] Revenue Management","Gestión de ingresos","feature"
"[TASK] Pricing Intelligence","Desarrollar inteligencia de precios","task"
"[TASK] Dynamic Pricing","Implementar precios dinámicos basados en IA","task"
"[TASK] Profitability Analysis","Crear análisis de rentabilidad por ruta/cliente","task"
"[TASK] Invoice Automation","Desarrollar automatización inteligente de facturación","task"
"[ÉPICA] Analytics Platform","Plataforma de Análisis Avanzado con BI","epic"
"[FEATURE] Real Time Dashboard","Dashboard en tiempo real","feature"
"[TASK] Executive Cockpit","Implementar dashboard ejecutivo en tiempo real","task"
"[TASK] Operational Dashboards","Desarrollar dashboards operacionales especializados","task"
"[TASK] Predictive Alerts","Crear sistema de alertas predictivas","task"
"[FEATURE] Advanced Analytics","Análisis avanzado de datos","feature"
"[TASK] Pattern Recognition","Implementar reconocimiento de patrones","task"
"[TASK] Anomaly Detection","Desarrollar detección de anomalías en operaciones","task"
"[TASK] Trend Analysis","Crear análisis de tendencias avanzado","task"
"[TASK] Correlation Mining","Implementar minería de correlaciones ocultas","task"
"[FEATURE] Business Intelligence","Inteligencia de negocio","feature"
"[TASK] Automated Reporting","Desarrollar reportería automatizada e inteligente","task"
"[TASK] What If Scenarios","Crear análisis de escenarios hipotéticos","task"
"[TASK] ROI Optimization","Implementar optimización de retorno de inversión","task"
"[ÉPICA] Integration Layer","Capa de Integración para conectividad empresarial","epic"
"[FEATURE] API Gateway","Gateway unificado de APIs","feature"
"[TASK] Unified API Management","Implementar gestión unificada de APIs","task"
"[TASK] Rate Limiting","Desarrollar control de tráfico y límites","task"
"[TASK] Authentication Hub","Crear centro de autenticación unificado","task"
"[FEATURE] Data Connectors","Conectores de datos","feature"
"[TASK] ERP Connectors","Implementar conectores para sistemas ERP existentes","task"
"[TASK] IoT Data Ingestion","Desarrollar ingestión de datos IoT masivos","task"
"[TASK] Third Party APIs","Crear integración con APIs de terceros","task"
"[TASK] Legacy System Bridges","Implementar puentes para sistemas heredados","task"
"[FEATURE] Message Bus","Bus de mensajes distribuido","feature"
"[TASK] Event Streaming","Desarrollar streaming de eventos empresariales","task"
"[TASK] Message Queuing","Implementar cola de mensajes distribuida","task"
"[TASK] Data Synchronization","Crear sincronización de datos en tiempo real","task"
"[ÉPICA] Intelligent UI","Interfaz Inteligente adaptiva","epic"
"[FEATURE] Adaptive Interfaces","Interfaces adaptivas","feature"
"[TASK] Role Based Customization","Implementar personalización basada en roles","task"
"[TASK] AI Assisted Navigation","Desarrollar navegación asistida por IA","task"
"[TASK] Contextual Help","Crear ayuda contextual inteligente","task"
"[FEATURE] Visualization Engine","Motor de visualización","feature"
"[TASK] Dynamic Charts","Implementar gráficos dinámicos e interactivos","task"
"[TASK] 3D Warehouse Visualization","Desarrollar visualización 3D de almacenes","task"
"[TASK] Route Mapping","Crear mapas interactivos de rutas","task"
"[FEATURE] Voice and Chat","Interfaces de voz y chat","feature"
"[TASK] Natural Language Interface","Implementar interfaz de lenguaje natural","task"
"[TASK] Voice Commands","Desarrollar comandos de voz para operaciones","task"
"[TASK] Intelligent Chatbot","Crear chatbot empresarial inteligente","task"
"[ÉPICA] Mobile Field Ops","Operaciones Móviles y de Campo","epic"
"[FEATURE] Driver Apps","Aplicaciones para conductores","feature"
"[TASK] Driver Mobile Suite","Implementar suite móvil para conductores","task"
"[TASK] Route Navigation","Desarrollar navegación optimizada para conductores","task"
"[TASK] Delivery Confirmation","Crear confirmación de entregas con firmas","task"
"[TASK] Vehicle Inspection","Implementar inspecciones de vehículos digitales","task"
"[TASK] Hours of Service","Desarrollar gestión de horas de servicio","task"
"[FEATURE] Warehouse Mobility","Movilidad en almacén","feature"
"[TASK] Warehouse Mobile Apps","Implementar aplicaciones móviles de almacén","task"
"[TASK] Mobile Picking","Desarrollar aplicación de picking móvil","task"
"[TASK] Inventory Scanning","Crear escaneo de inventario en tiempo real","task"
"[TASK] Quality Control","Implementar control de calidad móvil","task"
"[ÉPICA] Compliance Regulatory","Cumplimiento Regulatorio Logístico","epic"
"[FEATURE] Transportation Compliance","Cumplimiento en transporte","feature"
"[TASK] Regulatory Management","Implementar gestión regulatoria","task"
"[TASK] DOT Compliance","Desarrollar cumplimiento DOT (Department of Transportation)","task"
"[TASK] Hazmat Management","Crear gestión de materiales peligrosos","task"
"[TASK] International Trade","Implementar comercio internacional y aduanas","task"
"[TASK] Environmental Compliance","Desarrollar cumplimiento ambiental","task"
"[FEATURE] Audit Trail","Rastro de auditoría","feature"
"[TASK] Compliance Monitoring","Implementar monitoreo de cumplimiento","task"
"[TASK] Regulatory Reporting","Desarrollar reportería regulatoria automatizada","task"
"[TASK] Compliance Alerts","Crear alertas de cumplimiento proactivas","task"
"[ÉPICA] Document Management","Gestión Documental Empresarial","epic"
"[FEATURE] Intelligent Docs","Documentación inteligente","feature"
"[TASK] Document Processing","Implementar procesamiento de documentos","task"
"[TASK] Document Digitization","Desarrollar digitalización inteligente de documentos","task"
"[TASK] Automated Classification","Crear clasificación automática de documentos","task"
"[TASK] Contract Intelligence","Implementar inteligencia de contratos y documentos legales","task"
"[FEATURE] Logistics Docs","Documentación logística","feature"
"[TASK] Shipping Documentation","Desarrollar documentación de envíos","task"
"[TASK] Bill of Lading","Implementar gestión de conocimientos de embarque","task"
"[TASK] Customs Documentation","Crear documentación aduanal automatizada","task"
"[TASK] Certification Management","Desarrollar gestión de certificaciones","task"
"[ÉPICA] Communication Hub","Centro de Comunicaciones empresariales","epic"
"[FEATURE] Notification Engine","Motor de notificaciones","feature"
"[TASK] Intelligent Notifications","Implementar notificaciones inteligentes","task"
"[TASK] Priority Routing","Desarrollar enrutamiento de notificaciones por prioridad","task"
"[TASK] Multi Channel Delivery","Crear entrega multi-canal (SMS, email, app)","task"
"[TASK] Escalation Management","Implementar gestión de escalamientos automáticos","task"
"[FEATURE] Collaboration Tools","Herramientas de colaboración","feature"
"[TASK] Team Collaboration","Desarrollar colaboración de equipos","task"
"[TASK] Task Coordination","Implementar coordinación inteligente de tareas","task"
"[TASK] Real Time Messaging","Crear mensajería empresarial en tiempo real","task"
"[ÉPICA] Configuration Engine","Motor de Configuración y Personalización","epic"
"[FEATURE] Customization Framework","Framework de personalización","feature"
"[TASK] Business Rules Engine","Implementar motor de reglas de negocio","task"
"[TASK] Configurable Workflows","Desarrollar flujos de trabajo configurables","task"
"[TASK] Industry Templates","Crear plantillas específicas por industria","task"
"[TASK] White Label Configuration","Implementar configuración white-label","task"
"[FEATURE] Tenant Management","Gestión de inquilinos","feature"
"[TASK] Multi Tenancy","Desarrollar multi-tenancy","task"
"[TASK] Tenant Isolation","Implementar aislamiento de inquilinos","task"
"[TASK] Custom Branding","Crear personalización de marca por cliente","task"
"[ÉPICA] Security Governance","Seguridad y Gobernanza empresarial","epic"
"[FEATURE] AI Security","Seguridad de IA","feature"
"[TASK] Model Security","Implementar seguridad de modelos de IA","task"
"[TASK] Data Privacy","Desarrollar protección de privacidad de datos","task"
"[TASK] Bias Monitoring","Crear monitoreo de sesgos algorítmicos","task"
"[FEATURE] Enterprise Security","Seguridad empresarial","feature"
"[TASK] Zero Trust Architecture","Implementar arquitectura de confianza cero","task"
"[TASK] Audit Trails","Desarrollar trillos de auditoría completos","task"
"[TASK] Compliance Management","Crear gestión de cumplimiento regulatorio","task"
"[ÉPICA] Real Time Data Stream","Procesamiento de Datos en Tiempo Real","epic"
"[FEATURE] Stream Processing","Procesamiento de streams","feature"
"[TASK] Kafka Ecosystem","Implementar ecosistema Apache Kafka","task"
"[TASK] Real Time Analytics","Desarrollar análisis en tiempo real","task"
"[TASK] Data Lake Management","Crear gestión de data lake empresarial","task"
"[FEATURE] Event Processing","Procesamiento de eventos","feature"
"[TASK] Complex Event Processing","Implementar procesamiento de eventos complejos","task"
"[TASK] Stream ML Inference","Desarrollar inferencia ML en streams","task"
"[TASK] Data Quality Monitoring","Crear monitoreo de calidad de datos","task"
"[ÉPICA] Infrastructure Management","Gestión de Infraestructura y DR","epic"
"[FEATURE] Disaster Recovery","Recuperación ante desastres","feature"
"[TASK] Backup Systems","Implementar sistemas de respaldo","task"
"[TASK] Automated Backups","Desarrollar respaldos automatizados","task"
"[TASK] Disaster Recovery","Crear recuperación ante desastres","task"
"[TASK] Business Continuity","Implementar continuidad de negocio","task"
"[FEATURE] Monitoring","Monitoreo de sistemas","feature"
"[TASK] System Monitoring","Desarrollar monitoreo de sistemas","task"
"[TASK] Performance Monitoring","Implementar monitoreo de performance del sistema","task"
"[TASK] Capacity Planning","Crear planificación de capacidad","task"
"[TASK] SLA Monitoring","Desarrollar monitoreo de SLAs técnicos","task"
"[ÉPICA] Knowledge Training","Gestión de Conocimiento y Entrenamiento","epic"
"[FEATURE] Learning Management","Gestión de aprendizaje","feature"
"[TASK] Training Modules","Implementar módulos de entrenamiento","task"
"[TASK] User Training","Desarrollar módulos de entrenamiento de usuarios","task"
"[TASK] Certification Tracking","Crear seguimiento de certificaciones","task"
"[TASK] Knowledge Base","Implementar base de conocimiento inteligente","task"
"[FEATURE] Documentation","Documentación inteligente","feature"
"[TASK] Intelligent Help","Desarrollar ayuda inteligente","task"
"[TASK] Contextual Help","Implementar ayuda contextual inteligente","task"
"[TASK] Automated Documentation","Crear documentación automatizada","task"
"[ÉPICA] Experimentation Lab","Laboratorio de Experimentación IA","epic"
"[FEATURE] AI Research","Investigación en IA","feature"
"[TASK] Emerging Algorithms","Implementar investigación de algoritmos emergentes","task"
"[TASK] Industry Specific Models","Desarrollar modelos específicos por industria","task"
"[TASK] Explainable AI","Crear IA explicable y transparente","task"
"[FEATURE] Prototype Development","Desarrollo de prototipos","feature"
"[TASK] Proof of Concepts","Implementar pruebas de concepto rápidas","task"
"[TASK] A/B Testing Framework","Desarrollar framework de testing A/B","task"
"[TASK] Innovation Pipeline","Crear pipeline de innovación estructurada","task"