"[TASK] Multi Channel Delivery","Crear entrega multi-canal (SMS, email, app)","task"
"[TASK] Escalation Management","Implementar gestión de escalamientos automáticos","task"
"[FEATURE] Collaboration Tools","Herramientas de colaboración","feature"
"[TASK] Team Collaboration","Desarrollar colaboración de equipos","task"
"[TASK] Task Coordination","Implementar coordinación inteligente de tareas","task"
"[TASK] Real Time Messaging","Crear mensajería empresarial en tiempo real","task"
"[ÉPICA] Configuration Engine","Motor de Configuración y Personalización","epic"
"[FEATURE] Customization Framework","Framework de personalización","feature"
"[TASK] Business Rules Engine","Implementar motor de reglas de negocio","task"
"[TASK] Configurable Workflows","Desarrollar flujos de trabajo configurables","task"
"[TASK] Industry Templates","Crear plantillas específicas por industria","task"
"[TASK] White Label Configuration","Implementar configuración white-label","task"
"[FEATURE] Tenant Management","Gestión de inquilinos","feature"
"[TASK] Multi Tenancy","Desarrollar multi-tenancy","task"
"[TASK] Tenant Isolation","Implementar aislamiento de inquilinos","task"
"[TASK] Custom Branding","Crear personalización de marca por cliente","task"
"[ÉPICA] Security Governance","Seguridad y Gobernanza empresarial","epic"
"[FEATURE] AI Security","Seguridad de IA","feature"
"[TASK] Model Security","Implementar seguridad de modelos de IA","task"
"[TASK] Data Privacy","Desarrollar protección de privacidad de datos","task"
"[TASK] Bias Monitoring","Crear monitoreo de sesgos algorítmicos","task"
"[FEATURE] Enterprise Security","Seguridad empresarial","feature"
"[TASK] Zero Trust Architecture","Implementar arquitectura de confianza cero","task"
"[TASK] Audit Trails","Desarrollar trillos de auditoría completos","task"
"[TASK] Compliance Management","Crear gestión de cumplimiento regulatorio","task"
"[ÉPICA] Real Time Data Stream","Procesamiento de Datos en Tiempo Real","epic"
"[FEATURE] Stream Processing","Procesamiento de streams","feature"
"[TASK] Kafka Ecosystem","Implementar ecosistema Apache Kafka","task"
"[TASK] Real Time Analytics","Desarrollar análisis en tiempo real","task"
"[TASK] Data Lake Management","Crear gestión de data lake empresarial","task"
"[FEATURE] Event Processing","Procesamiento de eventos","feature"
"[TASK] Complex Event Processing","Implementar procesamiento de eventos complejos","task"
"[TASK] Stream ML Inference","Desarrollar inferencia ML en streams","task"
"[TASK] Data Quality Monitoring","Crear monitoreo de calidad de datos","task"
"[ÉPICA] Infrastructure Management","Gestión de Infraestructura y DR","epic"
"[FEATURE] Disaster Recovery","Recuperación ante desastres","feature"
"[TASK] Backup Systems","Implementar sistemas de respaldo","task"
"[TASK] Automated Backups","Desarrollar respaldos automatizados","task"
"[TASK] Disaster Recovery","Crear recuperación ante desastres","task"
"[TASK] Business Continuity","Implementar continuidad de negocio","task"
"[FEATURE] Monitoring","Monitoreo de sistemas","feature"
"[TASK] System Monitoring","Desarrollar monitoreo de sistemas","task"
"[TASK] Performance Monitoring","Implementar monitoreo de performance del sistema","task"
"[TASK] Capacity Planning","Crear planificación de capacidad","task"
"[TASK] SLA Monitoring","Desarrollar monitoreo de SLAs técnicos","task"
"[ÉPICA] Knowledge Training","Gestión de Conocimiento y Entrenamiento","epic"
"[FEATURE] Learning Management","Gestión de aprendizaje","feature"
"[TASK] Training Modules","Implementar módulos de entrenamiento","task"
"[TASK] User Training","Desarrollar módulos de entrenamiento de usuarios","task"
"[TASK] Certification Tracking","Crear seguimiento de certificaciones","task"
"[TASK] Knowledge Base","Implementar base de conocimiento inteligente","task"
"[FEATURE] Documentation","Documentación inteligente","feature"
"[TASK] Intelligent Help","Desarrollar ayuda inteligente","task"
"[TASK] Contextual Help","Implementar ayuda contextual inteligente","task"
"[TASK] Automated Documentation","Crear documentación automatizada","task"
"[ÉPICA] Experimentation Lab","Laboratorio de Experimentación IA","epic"
"[FEATURE] AI Research","Investigación en IA","feature"
"[TASK] Emerging Algorithms","Implementar investigación de algoritmos emergentes","task"
"[TASK] Industry Specific Models","Desarrollar modelos específicos por industria","task"
"[TASK] Explainable AI","Crear IA explicable y transparente","task"
"[FEATURE] Prototype Development","Desarrollo de prototipos","feature"
"[TASK] Proof of Concepts","Implementar pruebas de concepto rápidas","task"
"[TASK] A/B Testing Framework","Desarrollar framework de testing A/B","task"
"[TASK] Innovation Pipeline","Crear pipeline de innovación estructurada","task"